{
  "candidates": [
    {
      "bridge_stratum_counts": [
        [
          1041,
          1041
        ],
        [
          1041,
          1041
        ]
      ],
      "candidate": "layer14_mean::K=4",
      "certified_source_advantage_upper": [
        0.35000000000000053,
        0.29492493563932065
      ],
      "certified_worst_conditional_error_upper": 0.49229157103764437,
      "contaminations": [
        0.38459600438459984,
        0.32407727239612727
      ],
      "decoder": [
        0,
        1
      ],
      "diagnostic_estimable": true,
      "diagnostic_source_advantage": 0.052401821089057776,
      "diagnostic_stratum_counts": [
        [
          521,
          521
        ],
        [
          521,
          521
        ]
      ],
      "diagnostic_worst_conditional_error": 0.3209452668884615,
      "minimum_retained_mass": 0.6154039956154002,
      "nonconstant_release": true,
      "pilot_go": false,
      "reference_stratum_counts": [
        [
          504,
          504
        ],
        [
          504,
          504
        ]
      ],
      "release_channel": [
        [
          0.9707582038406262,
          0.029241796159373834
        ],
        [
          0.9707582038406262,
          0.029241796159373834
        ],
        [
          0.06071324426065805,
          0.939286755739342
        ],
        [
          0.06071324426065805,
          0.939286755739342
        ]
      ],
      "representation_manifest_sha256": "098398a58efdd105f6dbec0c4e50755680680d25d4c68178faa6b4464f979982",
      "retained_masses": [
        0.6154039956154002,
        0.6759227276038727
      ],
      "token_count": 4,
      "tokenizer_thresholds": [
        0.03218243360597331,
        0.4956182693072182,
        0.9722090665013557
      ]
    },
    {
      "bridge_stratum_counts": [
        [
          1041,
          1041
        ],
        [
          1041,
          1041
        ]
      ],
      "candidate": "layer14_mean::K=8",
      "certified_source_advantage_upper": [
        0.0,
        0.0
      ],
      "certified_worst_conditional_error_upper": 0.5,
      "contaminations": [
        0.6741204607024656,
        0.6437187883664939
      ],
      "decoder": [
        0,
        1
      ],
      "diagnostic_estimable": true,
      "diagnostic_source_advantage": 0.0,
      "diagnostic_stratum_counts": [
        [
          521,
          521
        ],
        [
          521,
          521
        ]
      ],
      "diagnostic_worst_conditional_error": 0.5000000000000001,
      "minimum_retained_mass": 0.32587953929753444,
      "nonconstant_release": false,
      "pilot_go": false,
      "reference_stratum_counts": [
        [
          504,
          504
        ],
        [
          504,
          504
        ]
      ],
      "release_channel": [
        [
          0.5,
          0.5
        ],
        [
          0.5,
          0.5
        ],
        [
          0.5,
          0.5000000000000001
        ],
        [
          0.5,
          0.5
        ],
        [
          0.5,
          0.5
        ],
        [
          0.5,
          0.5
        ],
        [
          0.5,
          0.5
        ],
        [
          0.5,
          0.5
        ]
      ],
      "representation_manifest_sha256": "098398a58efdd105f6dbec0c4e50755680680d25d4c68178faa6b4464f979982",
      "retained_masses": [
        0.32587953929753444,
        0.3562812116335061
      ],
      "token_count": 8,
      "tokenizer_thresholds": [
        0.0009082263375816142,
        0.03218243360597331,
        0.1822452202602695,
        0.4956182693072182,
        0.8161654233188088,
        0.9722090665013557,
        0.9992731982018845
      ]
    },
    {
      "bridge_stratum_counts": [
        [
          1041,
          1041
        ],
        [
          1041,
          1041
        ]
      ],
      "candidate": "layer28_mean::K=4",
      "certified_source_advantage_upper": [
        0.34326122857753605,
        0.30590465215273066
      ],
      "certified_worst_conditional_error_upper": 0.49011716452534876,
      "contaminations": [
        0.3442501830589516,
        0.30678620611370655
      ],
      "decoder": [
        1,
        0
      ],
      "diagnostic_estimable": true,
      "diagnostic_source_advantage": 0.08229641262991816,
      "diagnostic_stratum_counts": [
        [
          521,
          521
        ],
        [
          521,
          521
        ]
      ],
      "diagnostic_worst_conditional_error": 0.3540659613147641,
      "minimum_retained_mass": 0.6557498169410484,
      "nonconstant_release": true,
      "pilot_go": false,
      "reference_stratum_counts": [
        [
          504,
          504
        ],
        [
          504,
          504
        ]
      ],
      "release_channel": [
        [
          -0.0,
          1.0
        ],
        [
          -0.0,
          1.0
        ],
        [
          0.997126301864822,
          0.0028736981351780155
        ],
        [
          0.997126301864822,
          0.0028736981351780155
        ]
      ],
      "representation_manifest_sha256": "09650517696ac5498d8c270457314d8a1a335737eff4729f7ae0ea100107a39c",
      "retained_masses": [
        0.6557498169410484,
        0.6932137938862935
      ],
      "token_count": 4,
      "tokenizer_thresholds": [
        0.013094048782277155,
        0.5300742492104573,
        0.9812900390259521
      ]
    },
    {
      "bridge_stratum_counts": [
        [
          1041,
          1041
        ],
        [
          1041,
          1041
        ]
      ],
      "candidate": "layer28_mean::K=8",
      "certified_source_advantage_upper": [
        0.0,
        0.0
      ],
      "certified_worst_conditional_error_upper": 0.5000000000000001,
      "contaminations": [
        0.6516883193977073,
        0.6635536979743196
      ],
      "decoder": [
        0,
        1
      ],
      "diagnostic_estimable": true,
      "diagnostic_source_advantage": 0.0,
      "diagnostic_stratum_counts": [
        [
          521,
          521
        ],
        [
          521,
          521
        ]
      ],
      "diagnostic_worst_conditional_error": 0.5,
      "minimum_retained_mass": 0.3364463020256804,
      "nonconstant_release": false,
      "pilot_go": false,
      "reference_stratum_counts": [
        [
          504,
          504
        ],
        [
          504,
          504
        ]
      ],
      "release_channel": [
        [
          0.5,
          0.5
        ],
        [
          0.4999999999999999,
          0.5000000000000001
        ],
        [
          0.5,
          0.5000000000000001
        ],
        [
          0.5,
          0.5
        ],
        [
          0.5,
          0.5
        ],
        [
          0.5,
          0.5
        ],
        [
          0.5,
          0.5
        ],
        [
          0.5,
          0.5
        ]
      ],
      "representation_manifest_sha256": "09650517696ac5498d8c270457314d8a1a335737eff4729f7ae0ea100107a39c",
      "retained_masses": [
        0.3483116806022927,
        0.3364463020256804
      ],
      "token_count": 8,
      "tokenizer_thresholds": [
        5.63104951877909e-05,
        0.013094048782277155,
        0.14730693585959112,
        0.5300742492104573,
        0.841178645259483,
        0.9812900390259521,
        0.9998570317727021
      ]
    },
    {
      "bridge_stratum_counts": [
        [
          1041,
          1041
        ],
        [
          1041,
          1041
        ]
      ],
      "candidate": "layer28_last::K=4",
      "certified_source_advantage_upper": [
        0.0,
        0.0
      ],
      "certified_worst_conditional_error_upper": 0.5000000000000001,
      "contaminations": [
        0.3413683386785481,
        0.29525882859209274
      ],
      "decoder": [
        0,
        1
      ],
      "diagnostic_estimable": true,
      "diagnostic_source_advantage": 0.0,