{
  "analysis_status": "post-review, pre-outcome extension",
  "claim_boundary": "This study tests whether higher certification support changes K=8 feasibility for the three locked employment transfers.",
  "direct_primary_deployments": 3,
  "jobs": [
    {
      "direct_primary": {
        "candidate": "MANCE++::epsilon=0.05,steps=3",
        "certified_source_advantage_upper": [
          0.0923191424673319,
          0.08117466070149686
        ],
        "certified_worst_conditional_error_upper": 0.2691470777317466,
        "decision": "deploy",
        "diagnostic_estimable": true,
        "diagnostic_safe": true,
        "diagnostic_worst_conditional_error": 0.2633375559820857,
        "diagnostic_worst_source_advantage": 0.06734472168905947,
        "false_acceptance": false,
        "method": "MANCE++",
        "operational_replay": {
          "draws": 100,
          "one_public_token_per_person": true,
          "primary_contract_violations": 0,
          "source_advantage": {
            "maximum": 0.07250000000000001,
            "median": 0.06708333333333327,
            "minimum": 0.0621666666666667,
            "q025": 0.06232500000000002,
            "q975": 0.0722541666666667
          },
          "worst_conditional_error": {
            "maximum": 0.2683333333333333,
            "median": 0.26316666666666666,
            "minimum": 0.25866666666666666,
            "q025": 0.2595791666666667,
            "q975": 0.2667541666666666
          }
        },
        "rule": "direct",
        "strength": "epsilon=0.05,steps=3",
        "utility_threshold": 0.4
      },
      "mosaic_primary": {
        "candidate": "INLP::rank=8",
        "certified_source_advantage_upper": [
          0.20203004008668873,
          0.20302974281847325
        ],
        "certified_worst_conditional_error_upper": 0.38490275732008344,
        "decision": "deploy",
        "diagnostic_estimable": true,
        "diagnostic_safe": true,
        "diagnostic_worst_conditional_error": 0.29783149781111007,
        "diagnostic_worst_source_advantage": 0.027691328716269226,
        "false_acceptance": false,
        "method": "INLP",
        "operational_replay": {
          "draws": 100,
          "one_public_token_per_person": true,
          "primary_contract_violations": 0,
          "source_advantage": {
            "maximum": 0.03866666666666663,
            "median": 0.028000000000000025,
            "minimum": 0.02283333333333326,
            "q025": 0.02407916666666668,
            "q975": 0.033929166666666594
          },
          "worst_conditional_error": {
            "maximum": 0.3025,
            "median": 0.29783333333333334,
            "minimum": 0.293,
            "q025": 0.2937458333333334,
            "q975": 0.3019208333333333
          }
        },
        "rule": "mosaic",
        "strength": "rank=8",
        "utility_threshold": 0.4
      },
      "receipt": "research/artifacts/mosaic_acs_k8_high_support_v3_receipts/ACS-employment-CA-FL__seed1400.json",
      "receipt_sha256": "b610b4f260f22ee13c264f5fd6b5facb9c396579c43f610b3d3c3d8f7060bbb0",
      "seed": 1400,
      "target_state": "FL",
      "task": "employment"
    },
    {
      "direct_primary": {
        "candidate": "MANCE++::epsilon=0.05,steps=3",
        "certified_source_advantage_upper": [
          0.0915520318756821,
          0.06784736474346602
        ],
        "certified_worst_conditional_error_upper": 0.24268322663337183,
        "decision": "deploy",
        "diagnostic_estimable": true,
        "diagnostic_safe": true,
        "diagnostic_worst_conditional_error": 0.23673029174425822,
        "diagnostic_worst_source_advantage": 0.041134388578522696,
        "false_acceptance": false,
        "method": "MANCE++",
        "operational_replay": {
          "draws": 100,
          "one_public_token_per_person": true,
          "primary_contract_violations": 0,
          "source_advantage": {
            "maximum": 0.043166666666666575,
            "median": 0.04125000000000001,
            "minimum": 0.03916666666666657,
            "q025": 0.0394125000000001,
            "q975": 0.04299999999999993
          },
          "worst_conditional_error": {
            "maximum": 0.23833333333333334,
            "median": 0.23675000000000002,
            "minimum": 0.23516666666666666,
            "q025": 0.2354125,
            "q975": 0.23816666666666667
          }
        },
        "rule": "direct",
        "strength": "epsilon=0.05,steps=3",
        "utility_threshold": 0.4
      },
      "mosaic_primary": {
        "candidate": null,
        "decision": "abstain",
        "reason": "no candidate satisfied the registered strict contract",
        "rule": "mosaic",
        "utility_threshold": 0.4
      },
      "receipt": "research/artifacts/mosaic_acs_k8_high_support_v3_receipts/ACS-employment-CA-IL__seed1400.json",
      "receipt_sha256": "4dacfbe8bfbd727ae8d6e100d46e0d0198d4653384b6b3b694653067826ddc12",
      "seed": 1400,
      "target_state": "IL",
      "task": "employment"
    },
    {
      "direct_primary": {
        "candidate": "R-LACE::rank=1",
        "certified_source_advantage_upper": [
          0.10316231417590542,
          0.09570745833372045
        ],
        "certified_worst_conditional_error_upper": 0.27911473118431096,
        "decision": "deploy",
        "diagnostic_estimable": true,
        "diagnostic_safe": true,
        "diagnostic_worst_conditional_error": 0.27175644916540215,
        "diagnostic_worst_source_advantage": 0.05756828528072844,
        "false_acceptance": false,
        "method": "R-LACE",
        "operational_replay": {
          "draws": 100,
          "one_public_token_per_person": true,
          "primary_contract_violations": 0,
          "source_advantage": {
            "maximum": 0.05983333333333318,
            "median": 0.05750000000000011,
            "minimum": 0.05499999999999994,
            "q025": 0.05574583333333341,
            "q975": 0.059587499999999995
          },
          "worst_conditional_error": {
            "maximum": 0.2733333333333333,
            "median": 0.27166666666666667,
            "minimum": 0.2698333333333333,
            "q025": 0.2705,
            "q975": 0.27316666666666667
          }
        },
        "rule": "direct",
        "strength": "rank=1",
        "utility_threshold": 0.4
      },
      "mosaic_primary": {
        "candidate": "MANCE++::epsilon=0.05,steps=3",
        "certified_source_advantage_upper": [
          0.24054783851488354,
          0.20415470843424738
        ],
        "certified_worst_conditional_error_upper": 0.3715826222311669,
        "decision": "deploy",
        "diagnostic_estimable": true,
        "diagnostic_safe": true,
        "diagnostic_worst_conditional_error": 0.2771619734881032,
        "diagnostic_worst_source_advantage": 0.03423430069777744,
        "false_acceptance": false,
        "method": "MANCE++",
        "operational_replay": {
          "draws": 100,
          "one_public_token_per_person": true,
          "primary_contract_violations": 0,
          "source_advantage": {
            "maximum": 0.03816666666666668,
            "median": 0.034499999999999975,
            "minimum": 0.03049999999999997,
            "q025": 0.03157916666666674,
            "q975": 0.03708749999999991
          },
          "worst_conditional_error": {
            "maximum": 0.2793333333333333,
            "median": 0.277,
            "minimum": 0.2748333333333333,
            "q025": 0.2748333333333333,
            "q975": 0.279
          }
        },
        "rule": "mosaic",
        "strength": "epsilon=0.05,steps=3",
        "utility_threshold": 0.4
      },
      "receipt": "research/artifacts/mosaic_acs_k8_high_support_v3_receipts/ACS-employment-CA-NY__seed1400.json",
      "receipt_sha256": "97425e9ff7027b32e7b5f71cc2b3688d91eee3eafba78658d4740a7eda72f70c",
      "seed": 1400,
      "target_state": "NY",
      "task": "employment"
    }
  ],